MCD,ADC,AMP,VLT,WIR,DDG,DTP,MFG,MTP,BIN,SUP,ELC,CTM,ITL,UDT,PPD,IEM,SMT,AMR,TOD,PPC
80.0,HT,,110,,,,,,,N,N,Y,N,3,N,N,N,N,N,N
101.0,AC,5(80),230,2.0,6,DG,ADDAX,NP71E131,,Y,Y,N,Y,3,N,Y,Y,Y,N,N
102.0,AC,10-60,230,2.0,5,DG,GENUS,01B-LPR,,Y,Y,N,Y,3,N,N,N,N,Y,N
103.0,AC,5-60,230,2.0,6,DG,GENUS,01B,,Y,Y,N,Y,3,N,N,Y,Y,Y,N
110.0,AC,5-60,230,2.0,6,DG,GENUS,01B,,Y,Y,N,Y,3,N,Y,Y,Y,Y,N
111.0,AC,5(80),400,4.0,7,DG,ADDAX,NP73E131,,Y,Y,N,Y,3,N,Y,Y,Y,N,N
112.0,AC,10-60,400,4.0,7,DG,GENUS,03B-LPR,,Y,Y,N,Y,3,N,N,N,N,Y,N
113.0,AC,10-60,400,4.0,7,DG,GENUS,03B-SM,,Y,Y,N,Y,3,N,N,Y,Y,Y,N
114.0,AC,10-60,400,4.0,7,DG,GENUS,03B,,Y,Y,N,Y,3,N,N,Y,Y,Y,N
120.0,AC,10-60,400,4.0,7,DG,GENUS,03B,,Y,Y,N,Y,3,N,Y,Y,Y,Y,N
121.0,AC,10-60,230,2.0,6,DG,GENUS,SM1B-04-IPV6,,Y,Y,N,Y,3,N,N,Y,Y,Y,N
122.0,AC,10-60,230,2.0,6,DG,GENUS,SM1B-04-IPV6,,Y,Y,N,Y,3,N,Y,Y,Y,Y,N
125.0,AC,10-60,400,4.0,7,DG,GENUS,SM3B-10-IPV6,,Y,Y,N,Y,3,N,N,Y,Y,Y,N
126.0,AC,10-60,400,4.0,7,DG,GENUS,SM3B-10-IPV6,,Y,Y,N,Y,3,N,Y,Y,Y,Y,N
130.0,AC,5-60,230,2.0,6,DG,IIPL,4GNIC-P,,Y,Y,N,Y,3,N,N,Y,Y,Y,N
131.0,AC,10-60,230,2.0,6,DG,GENUS,SM1B-04-IPV6-P,,Y,Y,N,Y,3,N,N,Y,Y,Y,N
132.0,AC,10-100,400,4.0,7,DG,IIPL,4GNIC-P,,Y,Y,N,Y,3,N,N,Y,Y,Y,N
135.0,AC,10-60,400,4.0,7,DG,GENUS,SM3B-10-IPV6-P,,Y,Y,N,Y,3,N,N,Y,Y,Y,N
140.0,AC,5-60,230,2.0,6,DG,IIPL,4GNIC,,Y,Y,N,Y,3,N,N,Y,Y,Y,Y
141.0,AC,10-100,400,4.0,7,DG,IIPL,4GNIC,,Y,Y,N,Y,3,N,N,Y,Y,Y,Y
142.0,AC,10-60,230,2.0,8,DG,L&T,4GIIPLHES,,Y,Y,N,Y,3,N,N,Y,Y,Y,Y
143.0,AC,10-100,400,4.0,8,DG,L&T,4GIIPLHES,,Y,Y,N,Y,3,N,N,Y,Y,Y,Y
144.0,AC,5-60,230,2.0,6,DG,IIPL,4GNIC,,Y,Y,N,Y,3,N,Y,Y,Y,Y,N
145.0,AC,10-100,400,4.0,7,DG,IIPL,4GNIC,,Y,Y,N,Y,3,N,Y,Y,Y,Y,N
146.0,AC,10-60,230,2.0,7,DG,L&T,4GIIPLHES,,Y,Y,N,Y,3,N,Y,Y,Y,Y,N
147.0,AC,10-100,400,4.0,8,DG,L&T,4GIIPLHES,,Y,Y,N,Y,3,N,Y,Y,Y,Y,N
148.0,AC,10-60,230,2.0,8,DG,L&T,4GIIPLHES,,Y,Y,N,Y,3,N,N,Y,Y,Y,Y
149.0,AC,10-100,400,4.0,8,DG,L&T,4GIIPLHES,,Y,Y,N,Y,3,N,N,Y,Y,Y,Y
150.0,AC,5-60,230,2.0,7,DG,GENUS,SM1B-10,,Y,Y,N,Y,3,N,N,Y,Y,Y,N
151.0,AC,20-100,400,4.0,7,DG,GENUS,SM3B-10,,Y,Y,N,Y,3,N,N,Y,Y,Y,N
152.0,AC,10-100,230,2.0,7,DG,SECURE,E1E102,,Y,Y,N,Y,3,N,N,Y,Y,Y,N
153.0,AC,10-100,400,4.0,7,DG,SECURE,SPD103,,Y,Y,N,Y,3,N,N,Y,Y,Y,N
154.0,AC,100/5,400,4.0,8,DG,GENUS,03C-582,,Y,Y,Y,Y,3,N,N,Y,Y,Y,N
155.0,AC,10-60,400,4.0,7,DG,GENUS,SM3B-10,,Y,Y,N,Y,3,N,N,Y,Y,Y,N
156.0,AC,5,110,4.0,8,DG,GENUS,03C-183,,Y,Y,Y,Y,2,N,N,Y,Y,Y,N
201.0,AC,50/5,110,4.0,8,DG,SEIPL,4GHT,,Y,Y,Y,Y,2,N,Y,Y,Y,Y,N
202.0,AC,50/5,110,4.0,8,DG,SECURE,4GHT,,Y,Y,Y,Y,2,N,Y,Y,Y,Y,N
203.0,AC,50/1,110,4.0,8,DG,SECURE,4GHT(0.2S),,Y,Y,Y,Y,2,N,Y,Y,Y,Y,N
204.0,AC,50/5,110,4.0,8,DG,SECURE,4GHT(0.2S),,Y,Y,Y,Y,2,N,Y,Y,Y,Y,N
211.0,AC,100/5,400,4.0,7,DG,IIPL,4GLTCT,,Y,Y,Y,Y,3,N,N,Y,Y,Y,N
212.0,AC,100/5,400,4.0,8,DG,SECURE,4GLTCT,,Y,Y,Y,Y,3,N,N,Y,Y,Y,N
221.0,AC,600/5,400,4.0,8,DG,SECURE,4GDT,,Y,Y,Y,Y,3,N,Y,Y,Y,Y,N
301.0,AC,10-60,230,2.0,6,DG,SECURE,Liberty-1P,64030,Y,Y,N,Y,3,Y,N,N,N,N,N
351.0,AC,20-80,400,4.0,6,DG,SECURE,Liberty-3P,64031,Y,Y,N,Y,3,Y,N,N,N,N,N
401.0,AC,5-20,230,2.0,5,CY,VLG,CM143xhf,64003.2,Y,N,N,N,3,N,N,N,N,N,N
402.0,AC,5-20,230,2.0,5,CY,ABB(UK),J11B,64003.2,Y,N,N,N,3,N,N,N,N,N,N
403.0,AC,5-20,230,2.0,5,CY,ISKRA,E89C2,64003.2,Y,N,N,N,3,N,N,N,N,N,N
404.0,AC,5-20,230,2.0,5,CY,SCHLMBGR,M2XL4V3,64003.2,Y,N,N,N,3,N,N,N,N,N,N
405.0,AC,5-20,230,2.0,5,CY,ISKRA,E891C2,64003.2,Y,N,N,N,3,N,N,N,N,N,N
406.0,AC,5-20,230,2.0,5,CY,SCHLMBGR,M2XL4V3,64003.2,Y,N,N,N,3,N,N,N,N,N,N
407.0,AC,5-20,230,2.0,5,CY,SCHLMBGR,M2XL4V3,64003.2,Y,N,N,N,3,N,N,N,N,N,N
408.0,AC,5-20,230,2.0,5,CY,BENTEC,PBM,64003.2,N,N,N,N,3,N,N,N,N,N,N
409.0,AC,5-20,230,2.0,5,CY,IM,GP16CES03,64003.2,Y,N,N,N,3,N,N,N,N,N,N
410.0,AC,5-20,230,2.0,5,CY,TTL,EH-124,64003.2,Y,N,N,N,3,N,N,N,N,N,N
411.0,AC,5-20,230,2.0,5,CY,IM,GP16CES04,64003.2,Y,N,N,N,3,N,N,N,N,N,N
412.0,AC,5-20,230,2.0,5,CY,BENTEC,PBMP,64003.2,N,N,N,N,3,N,N,N,N,N,N
413.0,AC,5-20,230,2.0,5,CY,ALSTOM,LW/RL,64003.2,Y,N,N,N,3,N,N,N,N,N,N
414.0,AC,5-20,230,2.0,5,CY,THAITELE,NP12D,64003.2,Y,N,N,N,3,N,N,N,N,N,N
421.0,AC,5-20,230,2.0,5,CY,L+G,CM143xhf6,64003.2,Y,N,N,N,3,N,N,N,N,N,N
423.0,AC,5-20,230,2.0,5,CY,ALSTOM,LW/RL,64003.2,Y,N,N,N,3,N,N,N,N,N,N
425.0,AC,5-20,230,2.0,5,CY,ISKRA,IE8C2,64003.2,Y,N,N,N,3,N,N,N,N,N,N
431.0,AC,5-20,230,2.0,5,CY,ABB(UK),C11B3,64003.2,Y,N,N,N,3,N,N,N,N,N,N
432.0,AC,10-40,230,2.0,5,CY,ABB(UK),C11B3,64005.1,Y,N,N,N,3,N,N,N,N,N,N
501.0,AC,50/5,110,3.0,6,DG,SECURE,C3V055,64016.8,Y,Y,Y,Y,3,N,N,N,N,Y,N
502.0,AC,300/5,110,3.0,6,DG,SECURE,C3V055,64016.8,Y,Y,Y,Y,3,N,N,N,N,Y,N
503.0,AC,5+5,110,3.0,6,DG,SECURE,SUM-UNIT,64016.8,Y,Y,Y,Y,3,N,N,N,N,Y,N
504.0,AC,50/5,110,4.0,7,DG,SECURE,E3M055,64016.8,Y,Y,Y,Y,3,N,N,N,N,Y,N
505.0,AC,1+1,110,4.0,6,DG,SECURE,SUM-UNIT,,Y,Y,Y,Y,2,N,N,N,N,Y,N
506.0,AC,1,110,4.0,,,SECURE,ABT,,Y,Y,Y,Y,3,N,N,N,N,N,N
507.0,AC,50/5,110,4.0,7,DG,SECURE,E3M024,,Y,Y,Y,Y,2,N,N,N,N,Y,N
508.0,AC,50/1,110,4.0,7,DG,SECURE,E3M024,,Y,Y,Y,Y,2,N,N,N,N,Y,N
509.0,AC,50/5,110,4.0,7,DG,SECURE,E3M054(DLMS),,Y,Y,Y,Y,2,N,N,N,N,Y,N
510.0,AC,50/5,110,4.0,7,DG,SECURE,E3M024(0.2S),,Y,Y,Y,Y,2,N,Y,N,Y,Y,N
511.0,AC,100/5,400,4.0,6,DG,SECURE,C3T105,64017,Y,Y,Y,Y,3,N,N,N,N,Y,N
514.0,AC,100/5,400,4.0,7,DG,SECURE,E3T055,64017,Y,Y,Y,Y,3,N,N,N,N,Y,N
515.0,AC,100/5,400,4.0,7,DG,SECURE,E3T055(RS),64017,Y,Y,Y,Y,3,N,N,N,N,Y,N
516.0,AC,100/5,400,4.0,7,DG,SECURE,E3T055(DLMS),,Y,Y,Y,Y,3,N,N,N,N,Y,N
517.0,AC,100/5,400,4.0,7,DG,SECURE,E3T055,64017,Y,Y,Y,Y,3,N,N,N,N,Y,N
518.0,AC,600/5,400,4.0,7,DG,SECURE,E3T055,,Y,Y,Y,Y,3,N,N,N,N,Y,N
519.0,AC,600/5,400,4.0,7,DG,SECURE,E3T055(DLMS),,Y,Y,Y,Y,3,N,N,N,N,Y,N
520.0,AC,100/5,400,4.0,7,DG,SECURE,E3T055(RS),,Y,Y,Y,Y,3,N,Y,N,N,Y,N
525.0,AC,100/5,400,4.0,7,DG,GENUS,03C,64017,Y,Y,Y,Y,3,N,N,N,N,N,N
530.0,AC,1,110,4.0,6,DG,SECURE,APEX150,,Y,Y,Y,Y,2,N,Y,N,N,Y,N
531.0,AC,5,110,4.0,6,DG,SECURE,APEX150,,Y,Y,Y,Y,2,N,Y,N,N,Y,N
532.0,AC,1,110,4.0,6,DG,SECURE,APEX100,,Y,Y,Y,Y,2,N,Y,N,N,Y,N
533.0,AC,5,110,4.0,6,DG,SECURE,APEX100,,Y,Y,Y,Y,2,N,Y,N,N,Y,N
534.0,AC,1,110,4.0,8,DG,SECURE,APEX100-ABT(T),,Y,Y,Y,Y,2,N,Y,N,Y,Y,N
535.0,AC,5,110,4.0,8,DG,SECURE,APEX100-ABT(T),,Y,Y,Y,Y,2,N,Y,N,Y,Y,N
536.0,AC,5,110,4.0,8,DG,SECURE,APEX100-ABT,,Y,Y,Y,Y,2,N,Y,N,Y,Y,N
537.0,AC,5,110,4.0,8,DG,SECURE,APEX100-CON,,Y,Y,Y,Y,2,N,Y,N,Y,Y,N
538.0,AC,1,110,4.0,8,DG,SECURE,APEX100-ABT,,Y,Y,Y,Y,2,N,Y,N,Y,Y,N
540.0,AC,100/5,230,2.0,6,DG,GENUS,01B-OP,,Y,Y,Y,Y,3,N,N,N,N,N,N
549.0,AC,10(60),400,4.0,7,DG,SECURE,E3D108,64024,N,Y,N,Y,3,N,N,N,N,N,N
550.0,AC,10(60),400,4.0,7,DG,SECURE,E3D108,64024,Y,Y,N,Y,3,N,N,N,N,Y,N
551.0,AC,10-60,400,4.0,7,DG,SECURE,SPRINT350,64024,Y,Y,N,Y,3,N,N,N,N,Y,N
560.0,AC,10(60),400,4.0,6,DG,L+G,ZMD120Asdr53S,64024,Y,Y,N,N,3,N,N,N,N,Y,N
561.0,AC,10-60,400,4.0,7,DG,L+G,ZMI,64024,Y,Y,N,Y,3,N,N,N,N,Y,N
562.0,AC,10-60,400,4.0,7,DG,L&T,ER300P,,Y,Y,N,Y,3,N,N,N,N,Y,N
564.0,AC,10-60,400,4.0,7,DG,GENUS,03B-DLMS,,Y,Y,N,Y,3,N,N,N,N,Y,N
565.0,AC,10-60,400,4.0,7,DG,GENUS,03B,64024,Y,Y,N,Y,3,N,N,N,N,Y,N
566.0,AC,10-60,230,2.0,5,DG,GENUS,01B,64030,Y,Y,N,Y,3,N,N,N,N,Y,N
567.0,AC,10-60,230,2.0,6,DG,L+G,E150,64030,Y,Y,N,Y,3,N,N,N,N,Y,N
568.0,AC,5-60,230,2.0,6,DG,L+G,E150,,Y,Y,N,Y,3,N,N,N,N,Y,N
569.0,AC,5-60,230,2.0,6,DG,SECURE,ICREDIT,,Y,Y,N,Y,3,N,N,N,N,Y,N
570.0,AC,5(20),230,2.0,5,DG,L&T,EM101+,64025,Y,Y,N,N,3,N,N,N,N,N,N
571.0,AC,5-60,230,2.0,6,DG,GENUS,01B,,Y,Y,N,Y,3,N,N,N,N,Y,N
572.0,AC,5-60,230,2.0,6,DG,SIMCO,EM1,,Y,Y,N,Y,3,N,N,N,N,N,N
573.0,AC,5-60,230,2.0,6,DG,L+G,VIM,,Y,Y,N,Y,3,N,N,N,N,Y,N
574.0,AC,5-60,230,2.0,6,DG,L&T,EM101+,,Y,Y,N,Y,3,N,N,N,N,Y,N
575.0,AC,5-20,230,2.0,5,DG,ISKRA(SIMCO),EM1,64025,Y,Y,N,N,3,N,N,N,N,N,N
576.0,AC,5-60,230,2.0,6,DG,GENUS,01B(DLMS),,Y,Y,N,Y,3,N,N,N,N,Y,N
577.0,AC,5-60,230,2.0,6,DG,L&T,EM101+(NEW),,Y,Y,N,Y,3,N,N,N,N,Y,N
578.0,AC,10-60,400,4.0,7,DG,L&T,ER300P(NEW),,Y,Y,N,Y,3,N,N,N,N,Y,N
580.0,AC,5(20),230,2.0,5,DG,GENUS,01B,64025,N,Y,N,N,3,N,N,N,N,N,N
581.0,AC,5-20,230,2.0,5,DG,GENUS,01B-OP,64025,Y,Y,N,Y,3,N,N,N,N,Y,N
582.0,AC,5(20),230,2.0,5,DG,GENUS,01B,64025,Y,Y,N,Y,3,N,N,N,N,N,N
585.0,AC,5-20,230,2.0,6,DG,SECURE,E1C108,64025,Y,Y,N,Y,3,N,N,N,N,Y,N
586.0,AC,5-20,230,2.0,6,DG,SECURE,E1C108,64025,N,Y,N,Y,3,N,N,N,N,N,N
587.0,AC,5-20,230,2.0,6,DG,SECURE,E1C108,64025,Y,Y,N,Y,3,N,N,N,N,Y,N
589.0,AC,5-20,230,2.0,6,DG,L+G,ZCE,64025,Y,Y,N,Y,3,N,N,N,N,N,N
590.0,AC,5-20,230,2.0,6,DG,L+G,ZCE,64025,Y,Y,N,Y,3,N,N,N,N,N,N
591.0,AC,5-20,230,2.0,6,DG,L+G,ZCE,64025,N,Y,N,Y,3,N,N,N,N,N,N
592.0,AC,5-20,230,2.0,6,DG,RAYCHEM,W1D10A,,Y,Y,N,Y,3,N,N,N,N,N,N
593.0,AC,5-20,230,2.0,6,DG,L+G,E150,,Y,Y,N,Y,3,N,N,N,N,Y,N
595.0,AC,10-40,230,2.0,5,DG,GENUS,01B-OP,64029,Y,Y,N,Y,3,N,N,N,N,Y,N
596.0,AC,10-40,230,2.0,6,DG,L+G,ZCE,64029,Y,Y,N,Y,3,N,N,N,N,N,N
597.0,AC,20-80,230,2.0,6,DG,L+G,ZCE,46,Y,Y,N,Y,3,N,N,N,N,N,N
598.0,AC,10-60,230,2.0,6,DG,SECURE,E1C102,64030,Y,Y,N,Y,3,N,N,N,N,Y,N
599.0,AC,10-60,230,2.0,6,DG,SECURE,S1A-SARAL,,Y,Y,N,Y,3,N,N,N,N,Y,N
600.0,AC,10-100,400,4.0,8,DG,SECURE,S3A-SARAL,,Y,Y,N,Y,3,N,N,N,N,Y,N
601.0,AC,5-10,400,4.0,5,CY,GEC(UK),E43B3L-H,64018,Y,N,N,N,3,N,N,N,N,N,N
602.0,AC,10-20,400,4.0,5,CY,GEC(UK),E43B3L-H,64019,Y,N,N,N,3,N,N,N,N,N,N
603.0,AC,30-60,400,4.0,5,CY,GEC(UK),E43B3M-H,64020,Y,N,N,N,3,N,N,N,N,N,N
604.0,AC,5-20,400,4.0,5,CY,SIEMENS,MM2410xhf6,64021,Y,N,N,N,3,N,N,N,N,N,N
605.0,AC,20-80,400,4.0,5,CY,SIEMENS,MM2410xhf6,64023,Y,N,N,N,3,N,N,N,N,N,N
606.0,AC,10-20,400,4.0,5,CY,ISKRA,T31A2,64019,Y,N,N,N,3,N,N,N,N,N,N
607.0,AC,30-60,400,4.0,5,CY,ISKRA,T31A2,64020,Y,N,N,N,3,N,N,N,N,N,N
608.0,AC,5-20,400,4.0,5,CY,SCHLMBGR,C114,64021,Y,N,N,N,3,N,N,N,N,N,N
609.0,AC,20-60,400,4.0,5,CY,SCHLMBGR,C114H1R1,64022,Y,N,N,N,3,N,N,N,N,N,N
610.0,AC,5,400,3.0,5,PT,C&H,JT,51,N,N,N,N,3,N,N,N,N,N,N
611.0,AC,5,400,3.0, ,PT,MV,NE,51,N,N,N,N,3,N,N,N,N,N,N
612.0,AC,5,400,3.0,5,PT,FERRANTI,FLY,51,N,N,N,N,3,N,N,N,N,N,N
614.0,AC,5,400,4.0,4,PT,MV,N,60,N,N,N,N,3,N,N,N,N,N,N
615.0,AC,5,400,4.0,5,PT,MV,N,60,N,N,N,N,3,N,N,N,N,N,N
616.0,AC,5,400,4.0,5,PT,C&H, ,60,N,N,N,N,3,N,N,N,N,N,N
617.0,AC,5-10,400,4.0,5,CY,GEC,PT4,64013.7,N,N,N,N,3,N,N,N,N,N,N
618.0,AC,10,400,3.0,5,PT,C&H,JT,52,N,N,N,N,3,N,N,N,N,N,N
619.0,AC,10,400,3.0,5,PT,MV,NE,52,N,N,N,N,3,N,N,N,N,N,N
620.0,AC,10,400,3.0,5,PT,FERRANTI,FLY,52,N,N,N,N,3,N,N,N,N,N,N
621.0,AC,10,400,4.0,5,PT,GEC,PT4,61,N,N,N,N,3,N,N,N,N,N,N
622.0,AC,10,400,4.0,5,PT,MV,NE(4),61,N,N,N,N,3,N,N,N,N,N,N
623.0,AC,10,400,4.0,5,PT,MV,N,61,N,N,N,N,3,N,N,N,N,N,N
624.0,AC,10,400,4.0,5,PT,BHEL,T69R,61,N,N,N,N,3,N,N,N,N,N,N
625.0,AC,20,400,4.0,5,PT,MV,N,62,N,N,N,N,3,N,N,N,N,N,N
626.0,AC,20,400,4.0,5,PT,MV,NE(4),62,N,N,N,N,3,N,N,N,N,N,N
627.0,AC,25,400,3.0,5,PT,MV,NE,53,N,N,N,N,3,N,N,N,N,N,N
628.0,AC,25,400,4.0,5,PT,MV,NE(4),62,N,N,N,N,3,N,N,N,N,N,N
629.0,AC,20,400,4.0,5,PT,GEC,PT4,62,N,N,N,N,3,N,N,N,N,N,N
630.0,AC,40,400,4.0,5,PT,MV,N,63,N,N,N,N,3,N,N,N,N,N,N
631.0,AC,40,400,4.0,5,PT,MV,NE,63,N,N,N,N,3,N,N,N,N,N,N
632.0,AC,30-60,400,4.0,6,PT,IM,OQ6,64007.7,N,N,N,N,3,N,N,N,N,N,N
633.0,AC,50,400,4.0,6,PT,MV,NE(4),63,N,N,N,N,3,N,N,N,N,N,N
634.0,AC,50,400,4.0,6,PT,GEC,PT4,64017.1,N,N,N,N,3,N,N,N,N,N,N
635.0,AC,50,400,4.0,6,PT,BHEL,T69R,64017.1,N,N,N,N,3,N,N,N,N,N,N
636.0,AC,80,400,4.0,6,PT,MV,N,64,N,N,N,N,3,N,N,N,N,N,N
637.0,AC,10-20,400,4.0,5,PT,IM,OQ6,64004.6,N,N,N,N,3,N,N,N,N,N,N
638.0,AC,10,400,4.0,5,PT,IM,OQ6,64013.7,N,N,N,N,3,N,N,N,N,N,N
639.0,AC,10-20,400,4.0,5,PT,GEC,PT4,64004.6,N,N,N,N,3,N,N,N,N,N,N
640.0,AC,30-60,400,4.0,5,PT,GEC,PT4,64007.7,N,N,N,N,3,N,N,N,N,N,N
641.0,AC,10-20,400,4.0,6,CY,IM,OQ6,64004.6,N,N,N,N,3,N,N,N,N,N,N
642.0,AC,30-60,400,4.0,6,CY,GEC,PT4,64007.7,N,N,N,N,3,N,N,N,N,N,N
643.0,AC,10-20,400,4.0,5,CY,GEC,PT4,64004.6,N,N,N,N,3,N,N,N,N,N,N
644.0,AC,5-10,400,4.0,5,CY,IM,OQ-6,64013.7,N,N,N,N,3,N,N,N,N,N,N
651.0,AC,5,400,4.0,5,MD,MV,NE(4),80,N,N,N,N,3,N,N,N,N,N,N
652.0,AC,10,400,3.0,5,MD,MV,NE,74,N,N,N,N,3,N,N,N,N,N,N
653.0,AC,10,400,4.0,5,MD,L&G, ,81,N,N,N,N,3,N,N,N,N,N,N
654.0,AC,10,400,4.0,5,MD,UE,UMD-2P,81,N,N,N,N,3,N,N,N,N,N,N
655.0,AC,10,400,4.0,5,MD,MV,NE(4),81,N,N,N,N,3,N,N,N,N,N,N
660.0,AC,20,400,3.0,5,MD,MV,NE,75,N,N,N,N,3,N,N,N,N,N,N
661.0,AC,20,400,4.0,5,MD,MV,NE(4),82,N,N,N,N,3,N,N,N,N,N,N
663.0,AC,25,400,3.0,5,MD,MV,NE,75,N,N,N,N,3,N,N,N,N,N,N
664.0,AC,25,400,4.0,5,MD,MV,NE(4),82,N,N,N,N,3,N,N,N,N,N,N
667.0,AC,40,400,3.0,5,MD,MV,NE,76,N,N,N,N,3,N,N,N,N,N,N
668.0,AC,40,400,4.0,5,MD,MV,NE(4),83,N,N,N,N,3,N,N,N,N,N,N
670.0,AC,50,400,3.0,6,MD,MV,NE,76,N,N,N,N,3,N,N,N,N,N,N
671.0,AC,50,400,4.0,6,MD,MV,NE(4),83,N,N,N,N,3,N,N,N,N,N,N
672.0,AC,50,400,4.0,6,MD,C&H,JT4,83,N,N,N,N,3,N,N,N,N,N,N
673.0,AC,80,400,3.0,6,MD,MV,NE,77,N,N,N,N,3,N,N,N,N,N,N
674.0,AC,80,400,4.0,6,MD,MV,N,84,N,N,N,N,3,N,N,N,N,N,N
677.0,AC,100,400,3.0,6,MD,MV,NE,78,N,N,N,N,3,N,N,N,N,N,N
680.0,AC,10-20,400,4.0,5,CY,TTL DZG,DV604IR,64019,Y,N,N,N,3,N,N,N,N,N,N
681.0,AC,10-20,400,4.0,5,CY,ISKRA,T31A2,64019,Y,N,N,N,3,N,N,N,N,N,N
682.0,AC,30-60,400,4.0,5,CY,ISKRA,T31A2,64020,Y,N,N,N,3,N,N,N,N,N,N
701.0,DC,10,450,2.0,4,PT,FERRANTI,FK-AHR,24,N,N,N,N,3,N,N,N,N,N,N
702.0,DC,10,450,2.0,4,PT,FERRANTI,FH2-AHR,24,N,N,N,N,3,N,N,N,N,N,N
703.0,DC,10,450,2.0,4,PT,C&H,CH-AHR,24,N,N,N,N,3,N,N,N,N,N,N
705.0,DC,25,450,2.0,5,PT,FERRANTI,FK-AHR,25,N,N,N,N,3,N,N,N,N,N,N
706.0,DC,25,450,2.0,4,PT,FERRANTI,FH2-AHR,25,N,N,N,N,3,N,N,N,N,N,N
707.0,DC,25,450,2.0,4,PT,C&H,CH-AHR,25,N,N,N,N,3,N,N,N,N,N,N
709.0,DC,50,450,2.0,5,PT,FERRANTI,FK-AHR,27,N,N,N,N,3,N,N,N,N,N,N
710.0,DC,50,450,2.0,5,PT,FERRANTI,FH2-AHR,27,N,N,N,N,3,N,N,N,N,N,N
711.0,DC,50,450,2.0,5,PT,C&H,CH-AHR,27,N,N,N,N,3,N,N,N,N,N,N
713.0,DC,100,450,2.0, ,PT,FERRANTI,FK-AHR,28,N,N,N,N,3,N,N,N,N,N,N
714.0,DC,100,450,2.0,5,PT,FERRANTI,FH2-AHR,28,N,N,N,N,3,N,N,N,N,N,N
715.0,DC,100,450,2.0,5,PT,C&H,CH-AHR,28,N,N,N,N,3,N,N,N,N,N,N
721.0,DC,150,450,2.0,5,PT,FERRANTI,FH2-AHR,29,N,N,N,N,3,N,N,N,N,N,N
723.0,DC,200,450,2.0,5,PT,FERRANTI,FH2-AHR,30,N,N,N,N,3,N,N,N,N,N,N
724.0,DC,200,450,2.0,5,PT,C&H,CH-AHR,30,N,N,N,N,3,N,N,N,N,N,N
751.0,DC,10,450,2.0,4,PT,SIEMENS,KWH,16,N,N,N,N,3,N,N,N,N,N,N
752.0,DC,10,450,3.0,5,PT,L&G,KWH,16,N,N,N,N,3,N,N,N,N,N,N
753.0,DC,20,450,2.0,4,PT,SIEMENS,KWH,17,N,N,N,N,3,N,N,N,N,N,N
754.0,DC,20,450,3.0,5,PT,L&G,KWH,17,N,N,N,N,3,N,N,N,N,N,N
755.0,DC,30,450,2.0,4,PT,SIEMENS,KWH,18,N,N,N,N,3,N,N,N,N,N,N
756.0,DC,30,450,3.0,5,PT,L&G,KWH,18,N,N,N,N,3,N,N,N,N,N,N
757.0,DC,50,450,2.0,5,PT,SIEMENS,KWH,18,N,N,N,N,3,N,N,N,N,N,N
758.0,DC,50,450,3.0,5,PT,L&G,KWH,18,N,N,N,N,3,N,N,N,N,N,N
759.0,DC,100,450,2.0,5,PT,SIEMENS,KWH,19,N,N,N,N,3,N,N,N,N,N,N
760.0,DC,100,450,3.0,5,PT,L&G,KWH,19,N,N,N,N,3,N,N,N,N,N,N
761.0,DC,150,450,2.0,5,PT,SIEMENS,KWH,20,N,N,N,N,3,N,N,N,N,N,N
762.0,DC,150,450,3.0,5,PT,L&G,KWH,20,N,N,N,N,3,N,N,N,N,N,N
763.0,DC,200,450,2.0,5,PT,SIEMENS,KWH,20,N,N,N,N,3,N,N,N,N,N,N
764.0,DC,200,450,3.0,5,PT,L&G,KWH,20,N,N,N,N,3,N,N,N,N,N,N
800.0,AC,5-20,230,2.0,5,CY,SCHLMBGR,M2XL4V2,64003.2,Y,N,N,N,3,N,N,N,N,N,N
801.0,AC,200/5,230,2.0,5,CY,VLG,CM143xhf,1133,Y,N,Y,N,3,N,N,N,N,N,N
802.0,AC,5-20,230,2.0,5,CY,VLG,CM143Xhf,64003.2,Y,N,N,N,3,N,N,N,N,N,N
803.0,AC,10-40,230,2.0,5,CY,VLG,CM143Xhf,64005.1,Y,N,N,N,3,N,N,N,N,N,N
804.0,AC,10(40),230,2.0,5,CY,ABB(UK),C11B3,64005.1,Y,N,N,N,3,N,N,N,N,N,N
805.0,AC,5-20,230,2.0,5,CY,IM,G,64003.2,Y,N,N,N,3,N,N,N,N,N,N
806.0,AC,5-20,230,2.0,5,CY,ALSTOM,LW/RLM,64003.2,Y,N,N,N,3,N,N,N,N,N,N
807.0,AC,2.5-10,230,2.0,4,CY,BENTEC,PB,64001.5,N,N,N,N,3,N,N,N,N,N,N
808.0,AC,5-20,230,2.0,5,CY,GEC,LW-RL,64003.2,N,N,N,N,3,N,N,N,N,N,N
809.0,AC,2.5-10,230,2.0,5,CY,GEC,LW-RL,64001.5,N,N,N,N,3,N,N,N,N,N,N
810.0,AC,3,230,2.0,4,PT,L&G,CG1,41,N,N,N,N,3,N,N,N,N,N,N
811.0,AC,5,230,2.0,4,PT,L&G,CG1,42,N,N,N,N,3,N,N,N,N,N,N
812.0,AC,5,230,2.0,4,PT,FERRANTI,FL,42,N,N,N,N,3,N,N,N,N,N,N
813.0,AC,5,230,2.0,4,PT,MV,,42,N,N,N,N,3,N,N,N,N,N,N
814.0,AC,5,230,2.0,4,PT,BE,BE,42,N,N,N,N,3,N,N,N,N,N,N
815.0,AC,5LR,230,2.0,4,PT,L&G,CF6,42,N,N,N,N,3,N,N,N,N,N,N
816.0,AC,5LR,230,2.0,4,PT,EE,UVB,42,N,N,N,N,3,N,N,N,N,N,N
817.0,AC,5LR,230,2.0,4,PT,ARON,R2,42,N,N,N,N,3,N,N,N,N,N,N
818.0,AC,5LR,230,2.0,4,PT,C&H,J,42,N,N,N,N,3,N,N,N,N,N,N
819.0,AC,5LR,230,2.0,4,PT,VENNER,OC,42,N,N,N,N,3,N,N,N,N,N,N
820.0,AC,5LR,230,2.0,4,PT,SIEMENS,21,42,N,N,N,N,3,N,N,N,N,N,N
821.0,AC,5-10,230,2.0,4,CY,ECE,S-2,64002.9,N,N,N,N,3,N,N,N,N,N,N
822.0,AC,10,230,2.0,4,PT,L&G,CH1/CG1,43,N,N,N,N,3,N,N,N,N,N,N
823.0,AC,5-10,230,2.0,4,PT,GEC,LW/LW-LR,64002.9,N,N,N,N,3,N,N,N,N,N,N
824.0,AC,10,230,2.0,4,PT,GEC,C&H/L,43,N,N,N,N,3,N,N,N,N,N,N
825.0,AC,10,230,2.0,4,PT,ARON,R,43,N,N,N,N,3,N,N,N,N,N,N
826.0,AC,10,230,2.0,4,PT,FERRANTI,FL,43,N,N,N,N,3,N,N,N,N,N,N
827.0,AC,10,230,2.0,4,CY,REMCO,1-11-R,43,N,N,N,N,3,N,N,N,N,N,N
828.0,AC,5-10,230,2.0,4,CY,JME,E-7,64002.9,N,N,N,N,3,N,N,N,N,N,N
829.0,AC,5-10,230,2.0,4,CY,UE,MEBC,64002.9,N,N,N,N,3,N,N,N,N,N,N
830.0,AC,10,230,2.0,4,PT,GEC,LM,43,N,N,N,N,3,N,N,N,N,N,N
831.0,AC,10,230,2.0,5,PT,MV,,43,N,N,N,N,3,N,N,N,N,N,N
832.0,AC,10,230,2.0,4,PT,VENNER,OC,43,N,N,N,N,3,N,N,N,N,N,N
833.0,AC,10,230,2.0,4,PT,EE,UVE,43,N,N,N,N,3,N,N,N,N,N,N
834.0,AC,10,230,2.0,4,PT,C&H,K,43,N,N,N,N,3,N,N,N,N,N,N
835.0,AC,10,230,2.0,4,PT,BE, ,43,N,N,N,N,3,N,N,N,N,N,N
836.0,AC,5-10,230,2.0,4,CY,BHEL,REMCO/R1,64002.9,N,N,N,N,3,N,N,N,N,N,N
837.0,AC,5-10,230,2.0,5,CY,GEC,LWLR,64002.9,N,N,N,N,3,N,N,N,N,N,N
838.0,AC,2.5-10,230,2.0,5,CY,UE,MEBC-HL,64001.5,N,N,N,N,3,N,N,N,N,N,N
839.0,AC,2.5-10,230,2.0,4,PT,GEC,LW-RL,64001.5,N,N,N,N,3,N,N,N,N,N,N
840.0,AC,2.5-10,230,2.0,4,CY,UE,MEBC-HL,64001.5,N,N,N,N,3,N,N,N,N,N,N
841.0,AC,10LR,230,2.0,4,PT,L&G,CF6,43,N,N,N,N,3,N,N,N,N,N,N
842.0,AC,10LR,230,2.0,4,PT,SIEMENS,21,43,N,N,N,N,3,N,N,N,N,N,N
843.0,AC,10LR,230,2.0,4,PT,ARON,R,43,N,N,N,N,3,N,N,N,N,N,N
844.0,AC,5-20,230,2.0,4,PT,GEC,LW-RL,64003.2,N,N,N,N,3,N,N,N,N,N,N
845.0,AC,5-20,230,2.0,5,CY,UE,MEBC-HL,64003.2,N,N,N,N,3,N,N,N,N,N,N
846.0,AC,20,230,2.0,5,PT,FERRANTI,FL,44,N,N,N,N,3,N,N,N,N,N,N
847.0,AC,20,230,2.0,5,PT,MV,,44,N,N,N,N,3,N,N,N,N,N,N
848.0,AC,20,230,2.0,5,PT,BRE,K,44,N,N,N,N,3,N,N,N,N,N,N
849.0,AC,20,230,2.0,5,PT,C&H,B,44,N,N,N,N,3,N,N,N,N,N,N
850.0,AC,20LR,230,2.0,5,PT,SIEMENS,21,44,N,N,N,N,3,N,N,N,N,N,N
851.0,AC,20LR,230,2.0,5,PT,L&G,CF6,44,N,N,N,N,3,N,N,N,N,N,N
852.0,AC,25,230,2.0,5,PT,FERRANTI,FL,44,N,N,N,N,3,N,N,N,N,N,N
853.0,AC,25,230,2.0,5,PT,ARON,C1,44,N,N,N,N,3,N,N,N,N,N,N
854.0,AC,25,230,2.0,5,MD,MV,NE,44,N,N,N,N,3,N,N,N,N,N,N
855.0,AC,25LR,230,2.0,5,PT,L&G,CF6,44,N,N,N,N,3,N,N,N,N,N,N
856.0,AC,25LR,230,2.0,5,PT,EE,UVB,44,N,N,N,N,3,N,N,N,N,N,N
857.0,AC,40,230,2.0,5,PT,L&G,CH1,45,N,N,N,N,3,N,N,N,N,N,N
858.0,AC,40,230,2.0,5,PT,EE,B31B,45,N,N,N,N,3,N,N,N,N,N,N
859.0,AC,40,230,2.0,5,PT,C&H,L,45,N,N,N,N,3,N,N,N,N,N,N
860.0,AC,40,230,2.0,5,PT,MV,,45,N,N,N,N,3,N,N,N,N,N,N
861.0,AC,40,230,2.0,5,CY,UE,MEBC,45,N,N,N,N,3,N,N,N,N,N,N
862.0,AC,40,230,2.0,5,PT,C&H,K,45,N,N,N,N,3,N,N,N,N,N,N
863.0,AC,25LR,230,2.0,5,PT,SIEMENS,21,44,N,N,N,N,3,N,N,N,N,N,N
864.0,AC,40LR,230,2.0,5,PT,FERRANTI,FL,44,N,N,N,N,3,N,N,N,N,N,N
865.0,AC,50,230,2.0,4,PT,FERRANTI,FL/FM,45,N,N,N,N,3,N,N,N,N,N,N
866.0,AC,40,230,2.0,5,PT,L&G,CF6,45,N,N,N,N,3,N,N,N,N,N,N
867.0,AC,50LR,230,2.0,5,PT,L&G,CF6,45,N,N,N,N,3,N,N,N,N,N,N
868.0,AC,10-40,230,2.0,5,CY,UE,MEBC-HL,64005.1,N,N,N,N,3,N,N,N,N,N,N
869.0,AC,5-20,230,2.0,4,CY,UE,MEBC-HL,64003.2,N,N,N,N,3,N,N,N,N,N,N
870.0,AC,30-60,230,2.0,5,PT,GEC,LM,48,N,N,N,N,3,N,N,N,N,N,N
871.0,AC,30-60,230,2.0,5,PT,GEC,C&H/LW/L,48,N,N,N,N,3,N,N,N,N,N,N
872.0,AC,30-60,230,2.0,5,CY,UE,MEBD,48,N,N,N,N,3,N,N,N,N,N,N
873.0,AC,30-60,230,2.0,5,CY,UE,MEBC,48,N,N,N,N,3,N,N,N,N,N,N
874.0,AC,10-60,230,2.0,5,PT,GEC,LWR,49,N,N,N,N,3,N,N,N,N,N,N
875.0,AC,30-60,230,2.0,5,PT,BHEL,R1,48,N,N,N,N,3,N,N,N,N,N,N
879.0,AC,75,230,2.0,5,PT,EE,B31B,46,N,N,N,N,3,N,N,N,N,N,N
880.0,AC,80MAX,230,2.0,5,PT,L&G,CH1,46,N,N,N,N,3,N,N,N,N,N,N
881.0,AC,80MAX,230,2.0,5,PT,GEC,L,46,N,N,N,N,3,N,N,N,N,N,N
882.0,AC,80MAX,230,2.0,5,PT,EE,B31B,46,N,N,N,N,3,N,N,N,N,N,N
883.0,AC,80MAX,230,2.0,5,CY,UE,MEBD,46,N,N,N,N,3,N,N,N,N,N,N
884.0,AC,20(80),230,2.0,5,CY,ABB(UK),C11B3,46,Y,N,N,N,3,N,N,N,N,N,N
890.0,AC,100MAX,230,2.0,5,PT,L&G,CF6,47,N,N,N,N,3,N,N,N,N,N,N
891.0,AC,100MAX,230,2.0,5,PT,EE,B31B,47,N,N,N,N,3,N,N,N,N,N,N
895.0,AC,125,230,2.0,5,PT,FERRANTI,FM,47,N,N,N,N,3,N,N,N,N,N,N
896.0,AC,2.5-10,230,2.0,4,CY,BHEL,REMCO,64001.5,N,N,N,N,3,N,N,N,N,N,N
897.0,AC,2.5-10,230,2.0,5,CY,ECE,S4,64001.5,N,N,N,N,3,N,N,N,N,N,N
898.0,AC,2.5-10,230,2.0,4,CY,JME,E7,64001.5,N,N,N,N,3,N,N,N,N,N,N
899.0,AC,2.5-10,230,2.0,4,CY,IM,OB7,64001.5,N,N,N,N,3,N,N,N,N,N,N
901.0,DC,2.5,225,2.0,4,PT,FERRANTI,FK-AHR,1,N,N,N,N,3,N,N,N,N,N,N
902.0,DC,2.5,225,2.0,4,PT,FERRANTI,FH2-AHR,1,N,N,N,N,3,N,N,N,N,N,N
903.0,DC,2.5,225,2.0,4,PT,C&H,CH-AHR,1,N,N,N,N,3,N,N,N,N,N,N
905.0,DC,5,225,2.0,4,PT,FERRANTI,FK-AHR,2,N,N,N,N,3,N,N,N,N,N,N
906.0,DC,5,225,2.0,4,PT,FERRANTI,FH2-AHR,2,N,N,N,N,3,N,N,N,N,N,N
907.0,DC,5,225,2.0,4,PT,C&H,CH-AHR,2,N,N,N,N,3,N,N,N,N,N,N
908.0,DC,5,225,2.0,4,PT,UE,UKT-AHR,2,N,N,N,N,3,N,N,N,N,N,N
909.0,DC,5,225,2.0,4,PT,FERR/UE,MODV-AHR,2,N,N,N,N,3,N,N,N,N,N,N
910.0,DC,10,225,2.0,4,PT,FERRANTI,FK-AHR,3,N,N,N,N,3,N,N,N,N,N,N
911.0,DC,10,225,2.0,4,PT,FERRANTI,FH2-AHR,3,N,N,N,N,3,N,N,N,N,N,N
912.0,DC,10,225,2.0,4,PT,C&H,CH-AHR,3,N,N,N,N,3,N,N,N,N,N,N
913.0,DC,10,225,2.0,4,PT,UE,UKT-AHR,3,N,N,N,N,3,N,N,N,N,N,N
914.0,DC,10,225,2.0,4,PT,FERR/UE,MODX-AHR,3,N,N,N,N,3,N,N,N,N,N,N
916.0,DC,25,225,2.0,5,PT,FERRANTI,FK-AHR,4,N,N,N,N,3,N,N,N,N,N,N
917.0,DC,25,225,2.0,4,PT,FERRANTI,FH2-AHR,4,N,N,N,N,3,N,N,N,N,N,N
918.0,DC,25,225,2.0,4,PT,C&H,CH-AHR,4,N,N,N,N,3,N,N,N,N,N,N
921.0,DC,50,225,2.0,5,PT,FERRANTI,FK-AHR,5,N,N,N,N,3,N,N,N,N,N,N
922.0,DC,50,225,2.0,4,PT,FERRANTI,FH2-AHR,5,N,N,N,N,3,N,N,N,N,N,N
923.0,DC,50,225,2.0,5,PT,C&H,CH-AHR,5,N,N,N,N,3,N,N,N,N,N,N
925.0,DC,100,225,2.0,5,PT,FERRANTI,FK-AHR,6,N,N,N,N,3,N,N,N,N,N,N
926.0,DC,100,225,2.0,5,PT,FERRANTI,FH2-AHR,6,N,N,N,N,3,N,N,N,N,N,N
927.0,DC,100,225,2.0,5,PT,C&H,CH-AHR,6,N,N,N,N,3,N,N,N,N,N,N
929.0,DC,150,225,2.0,5,PT,FERRANTI,FH2-AHR,6(a),N,N,N,N,3,N,N,N,N,N,N
930.0,DC,150,225,2.0,5,PT,C&H,CH-AHR,6(a),N,N,N,N,3,N,N,N,N,N,N
932.0,DC,200,225,2.0,5,PT,FERRANTI,FH2-AHR,7,N,N,N,N,3,N,N,N,N,N,N
933.0,DC,200,225,2.0,5,PT,C&H,CH-AHR,7,N,N,N,N,3,N,N,N,N,N,N
935.0,DC,300,225,2.0,5,PT,FERRANTI,FH2-AHR,9,N,N,N,N,3,N,N,N,N,N,N
936.0,DC,300,225,2.0,5,PT,C&H,CH-AHR,9,N,N,N,N,3,N,N,N,N,N,N
937.0,DC,400,225,2.0,5,PT,C&H,CH-AHR, ,N,N,N,N,3,N,N,N,N,N,N
938.0,DC,500,225,2.0,5,PT,FERRANTI,FH2-AHR,10,N,N,N,N,3,N,N,N,N,N,N
939.0,DC,500,225,2.0,5,PT,C&H,CH-AHR,10,N,N,N,N,3,N,N,N,N,N,N
951.0,DC,10,225,2.0,4,PT,SIEMENS,KWH,21,N,N,N,N,3,N,N,N,N,N,N
952.0,DC,10,225,2.0,5,PT,L&G,KWH,21,N,N,N,N,3,N,N,N,N,N,N
954.0,DC,20,225,2.0,4,PT,SIEMENS,KWH,22,N,N,N,N,3,N,N,N,N,N,N
955.0,DC,20,225,2.0,5,PT,L&G,KWH,22,N,N,N,N,3,N,N,N,N,N,N
957.0,DC,30,225,2.0,4,PT,SIEMENS,KWH,23,N,N,N,N,3,N,N,N,N,N,N
958.0,DC,30,225,2.0,5,PT,L&G,KWH,23,N,N,N,N,3,N,N,N,N,N,N
971.0,DC,10,225,2.0,5,CY,EOAN,EEM 10D,64026,Y,Y,N,N,3,N,N,N,N,N,N
972.0,DC,25,225,2.0,5,CY,EOAN,EEM 25D,64027,Y,Y,N,N,3,N,N,N,N,N,N
973.0,DC,50,225,2.0,5,CY,EOAN,EEM 50D,64028,Y,Y,N,N,3,N,N,N,N,N,N
980.0,AC,1/5,400,4.0,5,DG,SCHNEIDER,PM5110,,Y,Y,Y,Y,3,N,N,N,N,N,N
981.0,AC,5,230,2.0,7,DG,GENUS,01B,,Y,Y,Y,Y,3,N,Y,N,Y,N,N
982.0,AC,1/5,110,4.0,4,DG,SCHNEIDER,ION6200,,Y,Y,Y,Y,2,N,N,N,N,N,N
983.0,AC,1/5,400,4.0,7,DG,MIXEDMAKE,MIXED,,Y,Y,Y,N,3,N,N,N,N,N,N
